﻿<Properties>
  <MonoDevelop.Ide.Workbench ActiveDocument="Scripts/Game.cs">
    <Files>
      <File FileName="Scripts/Game.cs" Line="135" Column="10" />
    </Files>
    <Pads>
      <Pad Id="ProjectPad">
        <State name="__root__">
          <Node name="Risk__Game" expanded="True">
            <Node name="Risk__Game" expanded="True">
              <Node name="Scripts" expanded="True">
                <Node name="Game.cs" selected="True" />
              </Node>
            </Node>
          </Node>
        </State>
      </Pad>
    </Pads>
  </MonoDevelop.Ide.Workbench>
  <MonoDevelop.Ide.DebuggingService.PinnedWatches />
  <MonoDevelop.Ide.Workspace ActiveConfiguration="Debug" />
  <MonoDevelop.Ide.DebuggingService.Breakpoints>
    <BreakpointStore />
  </MonoDevelop.Ide.DebuggingService.Breakpoints>
  <MultiItemStartupConfigurations />
</Properties>